{
  "guid": "42d83eb8-b6b2-4b1b-b3d9-0c2f2b3b5a6c",
  "name": "Interactive Video Player",
  "description": "Interactive video player for Black Mirror: Bandersnatch with choice-based navigation and branching storylines",
  "overview": "Enables interactive video playback with user choices, keyboard shortcuts, and subtitle support. Based on the original BandersnatchInteractive project.",
  "owner": "deathrjj",
  "category": "General",
  "tags": [
    "interactive",
    "video",
    "bandersnatch",
    "choices",
    "player"
  ],
  "versions": [
    {
      "version": "1.0.0.0",
      "changelog": "Initial release with full interactive video support",
      "targetAbi": "10.8.0.0",
      "sourceUrl": "https://github.com/deathrjj/BandersnatchInteractive-Jellyfin/releases/download/v1.0.0/plugin.zip",
      "checksum": "",
      "timestamp": "2025-05-23T21:19:52.3NZ"
    }
  ]
}
